message,label
Warning: Unusual login attempt detected on your Amazon. Verify your identity.,1
Congratulations! You have won a free vacation. Click here to claim your reward.,1
Official communication: Your Netflix will be suspended unless you comply with our security update.,1
"Dear user, we noticed irregular transactions in your Bank of America account. Confirm your details now.",1
Warning: Unusual login attempt detected on your Amazon. Verify your identity.,1
Security alert: We have detected suspicious activity on your ProtonMail. Reset your password now!,1
Immediate action required: Your banking subscription is expiring. Renew now.,1
Act fast! Your HSBC account will be locked if not verified within 24 hours.,1
Security alert: We have detected suspicious activity on your ProtonMail. Reset your password now!,1
Attention: Your recent activity violates our Google policy. Verify your account to avoid penalties.,1
Claim your limited-time 20% discount on software subscription. Click here to activate your reward.,1
You’ve been selected for a premium email trial. Sign up now before the offer expires.,1
Act fast! Your Bank of America account will be locked if not verified within 24 hours.,1
Urgent! Your Netflix has been compromised. Click here to secure it now!,1
This is an official notice from Google. Your account requires immediate verification.,1
Security alert: We have detected suspicious activity on your Outlook. Reset your password now!,1
Special access granted! Login now to receive your gift card before it’s too late.,1
"As per Customs & Border Protection regulations, you must update your tax details immediately.",1
Urgent! Your Amazon has been compromised. Click here to secure it now!,1
Special access granted! Login now to receive your premium service before it’s too late.,1
This is an official notice from Google. Your account requires immediate verification.,1
Urgent! Your Facebook has been compromised. Click here to secure it now!,1
Special access granted! Login now to receive your free e-book before it’s too late.,1
Congratulations! You have won a luxury watch. Click here to claim your reward.,1
Warning: Unusual login attempt detected on your Facebook. Verify your identity.,1
Immediate action required: Your Netflix subscription is expiring. Renew now.,1
Claim your limited-time 20% discount on software subscription. Click here to activate your reward.,1
Security alert: We have detected suspicious activity on your Yahoo Mail. Reset your password now!,1
Immediate action required: Your email subscription is expiring. Renew now.,1
Exclusive offer! Get a free discount coupon by verifying your account today.,1
This is an official notice from Microsoft. Your account requires immediate verification.,1
Official communication: Your Spotify will be suspended unless you comply with our security update.,1
Congratulations! You have won a luxury watch. Click here to claim your reward.,1
Security alert: We have detected suspicious activity on your Outlook. Reset your password now!,1
Urgent! Your PayPal has been compromised. Click here to secure it now!,1
Congratulations! You have won a VIP membership. Click here to claim your reward.,1
Immediate action required: Your Spotify subscription is expiring. Renew now.,1
Warning: Unusual login attempt detected on your Facebook. Verify your identity.,1
Warning: Unusual login attempt detected on your PayPal. Verify your identity.,1
Exclusive offer! Get a free free subscription by verifying your account today.,1
Attention: Your recent activity violates our Amazon policy. Verify your account to avoid penalties.,1
Special access granted! Login now to receive your premium service before it’s too late.,1
"Dear user, we noticed irregular transactions in your Wells Fargo account. Confirm your details now.",1
Warning: Unusual login attempt detected on your Amazon. Verify your identity.,1
Warning: Unusual login attempt detected on your Netflix. Verify your identity.,1
Official communication: Your cloud storage will be suspended unless you comply with our security update.,1
"Dear user, we noticed irregular transactions in your HSBC account. Confirm your details now.",1
"Dear user, we noticed irregular transactions in your CitiBank account. Confirm your details now.",1
Claim your limited-time special cashback deal on software subscription. Click here to activate your reward.,1
Immediate action required: Your Netflix subscription is expiring. Renew now.,1
"As per IRS regulations, you must update your tax details immediately.",1
This is an official notice from PayPal. Your account requires immediate verification.,1
Act fast! Your HSBC account will be locked if not verified within 24 hours.,1
Urgent! Your Facebook has been compromised. Click here to secure it now!,1
Act fast! Your Wells Fargo account will be locked if not verified within 24 hours.,1
Warning: Unusual login attempt detected on your Facebook. Verify your identity.,1
Urgent! Your Netflix has been compromised. Click here to secure it now!,1
Attention: Your recent activity violates our Google policy. Verify your account to avoid penalties.,1
Claim your limited-time special cashback deal on vacation package. Click here to activate your reward.,1
"As per Social Security Administration regulations, you must update your tax details immediately.",1
You’ve been selected for a premium cloud storage trial. Sign up now before the offer expires.,1
Immediate action required: Your Spotify subscription is expiring. Renew now.,1
Congratulations! You have won a VIP membership. Click here to claim your reward.,1
"As per FBI regulations, you must update your tax details immediately.",1
Attention: Your recent activity violates our Google policy. Verify your account to avoid penalties.,1
Exclusive offer! Get a free discount coupon by verifying your account today.,1
Special access granted! Login now to receive your free e-book before it’s too late.,1
Exclusive offer! Get a free free subscription by verifying your account today.,1
"Dear user, we noticed irregular transactions in your HSBC account. Confirm your details now.",1
Security alert: We have detected suspicious activity on your Gmail. Reset your password now!,1
Attention: Your recent activity violates our Google policy. Verify your account to avoid penalties.,1
Claim your limited-time special cashback deal on laptop. Click here to activate your reward.,1
Special access granted! Login now to receive your free e-book before it’s too late.,1
Claim your limited-time buy-one-get-one-free offer on smartphone. Click here to activate your reward.,1
Warning: Unusual login attempt detected on your Google. Verify your identity.,1
You’ve been selected for a premium Netflix trial. Sign up now before the offer expires.,1
Congratulations! You have won a free vacation. Click here to claim your reward.,1
Exclusive offer! Get a free free subscription by verifying your account today.,1
You’ve been selected for a premium Netflix trial. Sign up now before the offer expires.,1
Congratulations! You have won a VIP membership. Click here to claim your reward.,1
Attention: Your recent activity violates our Amazon policy. Verify your account to avoid penalties.,1
Warning: Unusual login attempt detected on your Netflix. Verify your identity.,1
Official communication: Your email will be suspended unless you comply with our security update.,1
Special access granted! Login now to receive your gift card before it’s too late.,1
Exclusive offer! Get a free Amazon gift card by verifying your account today.,1
Claim your limited-time buy-one-get-one-free offer on vacation package. Click here to activate your reward.,1
Attention: Your recent activity violates our Amazon policy. Verify your account to avoid penalties.,1
Security alert: We have detected suspicious activity on your Gmail. Reset your password now!,1
Official communication: Your cloud storage will be suspended unless you comply with our security update.,1
Attention: Your recent activity violates our Apple policy. Verify your account to avoid penalties.,1
Urgent! Your PayPal has been compromised. Click here to secure it now!,1
"Dear user, we noticed irregular transactions in your Wells Fargo account. Confirm your details now.",1
Urgent! Your Amazon has been compromised. Click here to secure it now!,1
Exclusive offer! Get a free cash bonus by verifying your account today.,1
Congratulations! You have won a $1000 lottery. Click here to claim your reward.,1
Official communication: Your cloud storage will be suspended unless you comply with our security update.,1
You’ve been selected for a premium Spotify trial. Sign up now before the offer expires.,1
"As per FBI regulations, you must update your tax details immediately.",1
Special access granted! Login now to receive your cashback before it’s too late.,1
"As per Customs & Border Protection regulations, you must update your tax details immediately.",1
Security alert: We have detected suspicious activity on your Yahoo Mail. Reset your password now!,1
Exclusive offer! Get a free cash bonus by verifying your account today.,1
Exclusive offer! Get a free free subscription by verifying your account today.,1
Act fast! Your Bank of America account will be locked if not verified within 24 hours.,1
"As per FBI regulations, you must update your tax details immediately.",1
Immediate action required: Your banking subscription is expiring. Renew now.,1
Attention: Your recent activity violates our Apple policy. Verify your account to avoid penalties.,1
Attention: Your recent activity violates our Microsoft policy. Verify your account to avoid penalties.,1
Attention: Your recent activity violates our Amazon policy. Verify your account to avoid penalties.,1
Claim your limited-time 20% discount on software subscription. Click here to activate your reward.,1
This is an official notice from Google. Your account requires immediate verification.,1
Warning: Unusual login attempt detected on your PayPal. Verify your identity.,1
Security alert: We have detected suspicious activity on your Outlook. Reset your password now!,1
Official communication: Your email will be suspended unless you comply with our security update.,1
Security alert: We have detected suspicious activity on your Outlook. Reset your password now!,1
Claim your limited-time buy-one-get-one-free offer on vacation package. Click here to activate your reward.,1
Congratulations! You have won a free vacation. Click here to claim your reward.,1
Attention: Your recent activity violates our Microsoft policy. Verify your account to avoid penalties.,1
Urgent! Your Google has been compromised. Click here to secure it now!,1
You’ve been selected for a premium Netflix trial. Sign up now before the offer expires.,1
Attention: Your recent activity violates our Amazon policy. Verify your account to avoid penalties.,1
Act fast! Your Chase account will be locked if not verified within 24 hours.,1
Act fast! Your Bank of America account will be locked if not verified within 24 hours.,1
Claim your limited-time 20% discount on smartphone. Click here to activate your reward.,1
Special access granted! Login now to receive your cashback before it’s too late.,1
Free entry in 2 a wkly comp to win FA Cup final tkts 21st May 2005. Text FA to 87121 to receive entry question(std txt rate)T&C's apply 08452810075over18's,1
"FreeMsg Hey there darling it's been 3 week's now and no word back! I'd like some fun you up for it still? Tb ok! XxX std chgs to send, £1.50 to rcv",1
WINNER!! As a valued network customer you have been selected to receivea £900 prize reward! To claim call 09061701461. Claim code KL341. Valid 12 hours only.,1
Had your mobile 11 months or more? U R entitled to Update to the latest colour mobiles with camera for Free! Call The Mobile Update Co FREE on 08002986030,1
"SIX chances to win CASH! From 100 to 20,000 pounds txt> CSH11 and send to 87575. Cost 150p/day, 6days, 16+ TsandCs apply Reply HL 4 info",1
"URGENT! You have won a 1 week FREE membership in our £100,000 Prize Jackpot! Txt the word: CLAIM to No: 81010 T&C www.dbuk.net LCCLTD POBOX 4403LDNW1A7RW18",1
"XXXMobileMovieClub: To use your credit, click the WAP link in the next txt message or click here>> http://wap. xxxmobilemovieclub.com?n=QJKGIGHJJGCBL",1
"England v Macedonia - dont miss the goals/team news. Txt ur national team to 87077 eg ENGLAND to 87077 Try:WALES, SCOTLAND 4txt/ú1.20 POBOXox36504W45WQ 16+",1
Thanks for your subscription to Ringtone UK your mobile will be charged £5/month Please confirm by replying YES or NO. If you reply NO you will not be charged,1
07732584351 - Rodger Burns - MSG = We tried to call you re your reply to our sms for a free nokia mobile + free camcorder. Please call now 08000930705 for delivery tomorrow,1
SMS. ac Sptv: The New Jersey Devils and the Detroit Red Wings play Ice Hockey. Correct or Incorrect? End? Reply END SPTV,1
"Congrats! 1 year special cinema pass for 2 is yours. call 09061209465 now! C Suprman V, Matrix3, StarWars3, etc all 4 FREE! bx420-ip4-5we. 150pm. Dont miss out! ",1
"As a valued customer, I am pleased to advise you that following recent review of your Mob No. you are awarded with a £1500 Bonus Prize, call 09066364589",1
"Urgent UR awarded a complimentary trip to EuroDisinc Trav, Aco&Entry41 Or £1000. To claim txt DIS to 87121 18+6*£1.50(moreFrmMob. ShrAcomOrSglSuplt)10, LS1 3AJ",1
"Did you hear about the new ""Divorce Barbie""? It comes with all of Ken's stuff!",1
Please call our customer service representative on 0800 169 6031 between 10am-9pm as you have WON a guaranteed £1000 cash or £5000 prize!,1
"Your free ringtone is waiting to be collected. Simply text the password ""MIX"" to 85069 to verify. Get Usher and Britney. FML, PO Box 5249, MK17 92H. 450Ppw 16",1
GENT! We are trying to contact you. Last weekends draw shows that you won a £1000 prize GUARANTEED. Call 09064012160. Claim Code K52. Valid 12hrs only. 150ppm,1
You are a winner U have been specially selected 2 receive £1000 or a 4* holiday (flights inc) speak to a live operator 2 claim 0871277810910p/min (18+) ,1
PRIVATE! Your 2004 Account Statement for 07742676969 shows 786 unredeemed Bonus Points. To claim call 08719180248 Identifier Code: 45239 Expires,1
"URGENT! Your Mobile No. was awarded £2000 Bonus Caller Prize on 5/9/03 This is our final try to contact U! Call from Landline 09064019788 BOX42WR29C, 150PPM",1
Todays Voda numbers ending 7548 are selected to receive a $350 award. If you have a match please call 08712300220 quoting claim code 4041 standard rates app,1
Sunshine Quiz Wkly Q! Win a top Sony DVD player if u know which country the Algarve is in? Txt ansr to 82277. £1.50 SP:Tyrone,1
Want 2 get laid tonight? Want real Dogging locations sent direct 2 ur mob? Join the UK's largest Dogging Network bt Txting GRAVEL to 69888! Nt. ec2a. 31p.msg@150p,1
You'll not rcv any more msgs from the chat svc. For FREE Hardcore services text GO to: 69988 If u get nothing u must Age Verify with yr network & try again,1
"FreeMsg Why haven't you replied to my text? I'm Randy, sexy, female and live local. Luv to hear from u. Netcollex Ltd 08700621170150p per msg reply Stop to end",1
Customer service annoncement. You have a New Years delivery waiting for you. Please call 07046744435 now to arrange delivery,1
You are a winner U have been specially selected 2 receive £1000 cash or a 4* holiday (flights inc) speak to a live operator 2 claim 0871277810810,1
-PLS STOP bootydelious (32/F) is inviting you to be her friend. Reply YES-434 or NO-434 See her: www.SMS.ac/u/bootydelious STOP? Send STOP FRND to 62468,1
"BangBabes Ur order is on the way. U SHOULD receive a Service Msg 2 download UR content. If U do not, GoTo wap. bangb. tv on UR mobile internet/service menu",1
URGENT! We are trying to contact you. Last weekends draw shows that you have won a £900 prize GUARANTEED. Call 09061701939. Claim code S89. Valid 12hrs only,1
Please call our customer service representative on FREEPHONE 0808 145 4742 between 9am-11pm as you have WON a guaranteed £1000 cash or £5000 prize!,1
Are you unique enough? Find out from 30th August. www.areyouunique.co.uk,1
"500 New Mobiles from 2004, MUST GO! Txt: NOKIA to No: 89545 & collect yours today!From ONLY £1 www.4-tc.biz 2optout 087187262701.50gbp/mtmsg18",1
"Will u meet ur dream partner soon? Is ur career off 2 a flyng start? 2 find out free, txt HORO followed by ur star sign, e. g. HORO ARIES",1
Text & meet someone sexy today. U can find a date or even flirt its up to U. Join 4 just 10p. REPLY with NAME & AGE eg Sam 25. 18 -msg recd@thirtyeight pence,1
U 447801259231 have a secret admirer who is looking 2 make contact with U-find out who they R*reveal who thinks UR so special-call on 09058094597,1
Congratulations ur awarded 500 of CD vouchers or 125gift guaranteed & Free entry 2 100 wkly draw txt MUSIC to 87066 TnCs www.Ldew.com1win150ppmx3age16,1
We tried to contact you re your reply to our offer of a Video Handset? 750 anytime networks mins? UNLIMITED TEXT? Camcorder? Reply or call 08000930705 NOW,1
Hey I am really horny want to chat or see me naked text hot to 69698 text charged at 150pm to unsubscribe text stop 69698,1
Ur ringtone service has changed! 25 Free credits! Go to club4mobiles.com to choose content now! Stop? txt CLUB STOP to 87070. 150p/wk Club4 PO Box1146 MK45 2WT,1
Ringtone Club: Get the UK singles chart on your mobile each week and choose any top quality ringtone! This message is free of charge.,1
HMV BONUS SPECIAL 500 pounds of genuine HMV vouchers to be won. Just answer 4 easy questions. Play Now! Send HMV to 86688 More info:www.100percent-real.com,1
T-Mobile customer you may now claim your FREE CAMERA PHONE upgrade & a pay & go sim card for your loyalty. Call on 0845 021 3680.Offer ends 28thFeb.T&C's apply,1
"SMS. ac Blind Date 4U!: Rodds1 is 21/m from Aberdeen, United Kingdom. Check Him out http://img. sms. ac/W/icmb3cktz8r7!-4 no Blind Dates send HIDE",1
"TheMob> Check out our newest selection of content, Games, Tones, Gossip, babes and sport, Keep your mobile fit and funky text WAP to 82468",1
"Think ur smart ? Win £200 this week in our weekly quiz, text PLAY to 85222 now!T&Cs WinnersClub PO BOX 84, M26 3UZ. 16+. GBP1.50/week",1
December only! Had your mobile 11mths+? You are entitled to update to the latest colour camera mobile for Free! Call The Mobile Update Co FREE on 08002986906,1
Call Germany for only 1 pence per minute! Call from a fixed line via access number 0844 861 85 85. No prepayment. Direct access!,1
Valentines Day Special! Win over £1000 in our quiz and take your partner on the trip of a lifetime! Send GO to 83600 now. 150p/msg rcvd. CustCare:08718720201.,1
Fancy a shag? I do.Interested? sextextuk.com txt XXUK SUZY to 69876. Txts cost 1.50 per msg. TnCs on website. X,1
Ur cash-balance is currently 500 pounds - to maximize ur cash-in now send CASH to 86688 only 150p/msg. CC: 08708800282 HG/Suite342/2Lands Row/W1J6HL,1
"Update_Now - Xmas Offer! Latest Motorola, SonyEricsson & Nokia & FREE Bluetooth! Double Mins & 1000 Txt on Orange. Call MobileUpd8 on 08000839402 or call2optout/F4Q=",1
Here is your discount code RP176781. To stop further messages reply stop. www.regalportfolio.co.uk. Customer Services 08717205546,1
"Thanks for your Ringtone Order, Reference T91. You will be charged GBP 4 per week. You can unsubscribe at anytime by calling customer services on 09057039994",1
"Double mins and txts 4 6months FREE Bluetooth on Orange. Available on Sony, Nokia Motorola phones. Call MobileUpd8 on 08000839402 or call2optout/N9DX",1
4mths half price Orange line rental & latest camera phones 4 FREE. Had your phone 11mths ? Call MobilesDirect free on 08000938767 to update now! or2stoptxt,1
"FREE RINGTONE text FIRST to 87131 for a poly or text GET to 87131 for a true tone! Help? 0845 2814032 16 after 1st free, tones are 3x£150pw to e£nd txt stop",1
100 dating service cal;l 09064012103 box334sk38ch,1
FREE entry into our £250 weekly competition just text the word WIN to 80086 NOW. 18 T&C www.txttowin.co.uk,1
Send a logo 2 ur lover - 2 names joined by a heart. Txt LOVE NAME1 NAME2 MOBNO eg LOVE ADAM EVE 07123456789 to 87077 Yahoo! POBox36504W45WQ TxtNO 4 no ads 150p,1
Someone has contacted our dating service and entered your phone because they fancy you! To find out who it is call from a landline 09111032124 . PoBox12n146tf150p,1
URGENT! Your Mobile number has been awarded with a £2000 prize GUARANTEED. Call 09058094455 from land line. Claim 3030. Valid 12hrs only,1
Congrats! Nokia 3650 video camera phone is your Call 09066382422 Calls cost 150ppm Ave call 3mins vary from mobiles 16+ Close 300603 post BCM4284 Ldn WC1N3XX,1
"Loan for any purpose £500 - £75,000. Homeowners + Tenants welcome. Have you been previously refused? We can still help. Call Free 0800 1956669 or text back 'help'",1
"UpgrdCentre Orange customer, you may now claim your FREE CAMERA PHONE upgrade for your loyalty. Call now on 0207 153 9153. Offer ends 26th July. T&C's apply. Opt-out available",1
okmail: Dear Dave this is your final notice to collect your 4* Tenerife Holiday or #5000 CASH award! Call 09061743806 from landline. TCs SAE Box326 CW25WX 150ppm,1
Want 2 get laid tonight? Want real Dogging locations sent direct 2 ur Mob? Join the UK's largest Dogging Network by txting MOAN to 69888Nyt. ec2a. 31p.msg@150p,1
"FREE MESSAGE Activate your 500 FREE Text Messages by replying to this message with the word FREE For terms & conditions, visit www.07781482378.com",1
"Congrats! 1 year special cinema pass for 2 is yours. call 09061209465 now! C Suprman V, Matrix3, StarWars3, etc all 4 FREE! bx420-ip4-5we. 150pm. Dont miss out!",1
+123 Congratulations - in this week's competition draw u have won the £1450 prize to claim just call 09050002311 b4280703. T&Cs/stop SMS 08718727868. Over 18 only 150ppm,1
"You are guaranteed the latest Nokia Phone, a 40GB iPod MP3 player or a £500 prize! Txt word: COLLECT to No: 83355! IBHltd LdnW15H 150p/Mtmsgrcvd18+",1
Boltblue tones for 150p Reply POLY# or MONO# eg POLY3 1. Cha Cha Slide 2. Yeah 3. Slow Jamz 6. Toxic 8. Come With Me or STOP 4 more tones txt MORE,1
Your credits have been topped up for http://www.bubbletext.com Your renewal Pin is tgxxrz,1
"URGENT!: Your Mobile No. was awarded a £2,000 Bonus Caller Prize on 02/09/03! This is our 2nd attempt to contact YOU! Call 0871-872-9755 BOX95QU",1
"Today's Offer! Claim ur £150 worth of discount vouchers! Text YES to 85023 now! SavaMob, member offers mobile! T Cs 08717898035. £3.00 Sub. 16 . Unsub reply X",1
You will recieve your tone within the next 24hrs. For Terms and conditions please see Channel U Teletext Pg 750,1
PRIVATE! Your 2003 Account Statement for 07815296484 shows 800 un-redeemed S.I.M. points. Call 08718738001 Identifier Code 41782 Expires 18/11/04 ,1
from www.Applausestore.com MonthlySubscription@50p/msg max6/month T&CsC web age16 2stop txt stop,1
GENT! We are trying to contact you. Last weekends draw shows that you won a £1000 prize GUARANTEED. Call 09064012160. Claim Code K52. Valid 12hrs only. 150ppm ,1
"You have won ?1,000 cash or a ?2,000 prize! To claim, call09050000327",1
"our mobile number has won £5000, to claim calls us back or ring the claims hot line on 09050005321.",1
We tried to contact you re your reply to our offer of 750 mins 150 textand a new video phone call 08002988890 now or reply for free delivery tomorrow,1
"For ur chance to win a £250 wkly shopping spree TXT: SHOP to 80878. T's&C's www.txt-2-shop.com custcare 08715705022, 1x150p/wk",1
You have been specially selected to receive a 2000 pound award! Call 08712402050 BEFORE the lines close. Cost 10ppm. 16+. T&Cs apply. AG Promo,1
PRIVATE! Your 2003 Account Statement for 07753741225 shows 800 un-redeemed S. I. M. points. Call 08715203677 Identifier Code: 42478 Expires 24/10/04,1
You have an important customer service announcement. Call FREEPHONE 0800 542 0825 now!,1
XCLUSIVE@CLUBSAISAI 2MOROW 28/5 SOIREE SPECIALE ZOUK WITH NICHOLS FROM PARIS.FREE ROSES 2 ALL LADIES !!! info: 07946746291/07880867867 ,1
22 days to kick off! For Euro2004 U will be kept up to date with the latest news and results daily. To be removed send GET TXT STOP to 83222,1
New TEXTBUDDY Chat 2 horny guys in ur area 4 just 25p Free 2 receive Search postcode or at gaytextbuddy.com. TXT ONE name to 89693,1
Todays Vodafone numbers ending with 4882 are selected to a receive a £350 award. If your number matches call 09064019014 to receive your £350 award.,1
"Dear Voucher Holder, 2 claim this weeks offer, at your PC go to http://www.e-tlp.co.uk/expressoffer Ts&Cs apply.2 stop texts txt STOP to 80062.",1
PRIVATE! Your 2003 Account Statement for shows 800 un-redeemed S. I. M. points. Call 08715203694 Identifier Code: 40533 Expires 31/10/04,1
"You have won ?1,000 cash or a ?2,000 prize! To claim, call09050000327. T&C: RSTM, SW7 3SS. 150ppm",1
88800 and 89034 are premium phone services call 08718711108,1
"SMS. ac sun0819 posts HELLO:""You seem cool, wanted to say hi. HI!!!"" Stop? Send STOP to 62468",1
Get ur 1st RINGTONE FREE NOW! Reply to this msg with TONE. Gr8 TOP 20 tones to your phone every week just £1.50 per wk 2 opt out send STOP 08452810071 16,1
Hi I'm sue. I am 20 years old and work as a lapdancer. I love sex. Text me live - I'm i my bedroom now. text SUE to 89555. By TextOperator G2 1DA 150ppmsg 18+,1
<Forwarded from 448712404000>Please CALL 08712404000 immediately as there is an urgent message waiting for you.,1
"To review and KEEP the fantastic Nokia N-Gage game deck with Club Nokia, go 2 www.cnupdates.com/newsletter. unsubscribe from alerts reply with the word OUT",1
4mths half price Orange line rental & latest camera phones 4 FREE. Had your phone 11mths+? Call MobilesDirect free on 08000938767 to update now! or2stoptxt T&Cs,1
08714712388 between 10am-7pm Cost 10p,1
+449071512431 URGENT! This is the 2nd attempt to contact U!U have WON £1250 CALL 09071512433 b4 050703 T&CsBCM4235WC1N3XX. callcost 150ppm mobilesvary. max£7. 50,1
You have WON a guaranteed £1000 cash or a £2000 prize. To claim yr prize call our customer service representative on 08714712394 between 10am-7pm,1
Email AlertFrom: Jeri StewartSize: 2KBSubject: Low-cost prescripiton drvgsTo listen to email call 123,1
Hi. Customer Loyalty Offer:The NEW Nokia6650 Mobile from ONLY £10 at TXTAUCTION! Txt word: START to No: 81151 & get yours Now! 4T&Ctxt TC 150p/MTmsg,1
U are subscribed to the best Mobile Content Service in the UK for £3 per 10 days until you send STOP to 82324. Helpline 08706091795,1
"Do you realize that in about 40 years, we'll have thousands of old ladies running around with tattoos?",1
You have an important customer service announcement from PREMIER.,1
"Romantic Paris. 2 nights, 2 flights from £79 Book now 4 next year. Call 08704439680Ts&Cs apply.",1
Urgent Ur £500 guaranteed award is still unclaimed! Call 09066368327 NOW closingdate04/09/02 claimcode M39M51 £1.50pmmorefrommobile2Bremoved-MobyPOBox734LS27YF,1
UR awarded a City Break and could WIN a £200 Summer Shopping spree every WK. Txt STORE to 88039 . SkilGme. TsCs087147403231Winawk!Age16 £1.50perWKsub,1
You have an important customer service announcement from PREMIER. Call FREEPHONE 0800 542 0578 now!,1
Ever thought about living a good life with a perfect partner? Just txt back NAME and AGE to join the mobile community. (100p/SMS),1
"5 Free Top Polyphonic Tones call 087018728737, National Rate. Get a toppoly tune sent every week, just text SUBPOLY to 81618, £3 per pole. UnSub 08718727870.",1
"Orange customer, you may now claim your FREE CAMERA PHONE upgrade for your loyalty. Call now on 0207 153 9996. Offer ends 14thMarch. T&C's apply. Opt-out availa",1
"Last Chance! Claim ur £150 worth of discount vouchers today! Text SHOP to 85023 now! SavaMob, offers mobile! T Cs SavaMob POBOX84, M263UZ. £3.00 Sub. 16",1
FREE for 1st week! No1 Nokia tone 4 ur mobile every week just txt NOKIA to 8077 Get txting and tell ur mates. www.getzed.co.uk POBox 36504 W45WQ 16+ norm150p/tone,1
You have won a guaranteed £200 award or even £1000 cashto claim UR award call free on 08000407165 (18+) 2 stop getstop on 88222 PHP. RG21 4JX,1
Congratulations ur awarded either £500 of CD gift vouchers & Free entry 2 our £100 weekly draw txt MUSIC to 87066 TnCs www.Ldew.com1win150ppmx3age16,1
"U were outbid by simonwatson5120 on the Shinco DVD Plyr. 2 bid again, visit sms. ac/smsrewards 2 end bid notifications, reply END OUT",1
"SMSSERVICES. for yourinclusive text credits, pls goto www.comuk.net login= 3qxj9 unsubscribe with STOP, no extra charge. help 08702840625.COMUK. 220-CM2 9AE",1
25p 4 alfie Moon's Children in need song on ur mob. Tell ur m8s. Txt Tone charity to 8007 for Nokias or Poly charity for polys: zed 08701417012 profit 2 charity.,1
U have a secret admirer. REVEAL who thinks U R So special. Call 09065174042. To opt out Reply REVEAL STOP. 1.50 per msg recd. Cust care 07821230901,1
"Dear Voucher Holder, To claim this weeks offer, at you PC please go to http://www.e-tlp.co.uk/expressoffer Ts&Cs apply. To stop texts, txt STOP to 80062",1
Your opinion about me? 1. Over 2. Jada 3. Kusruthi 4. Lovable 5. Silent 6. Spl character 7. Not matured 8. Stylish 9. Simple Pls reply..,0
What's up? Do you want me to come online? If you are free we can talk sometime,0
So u workin overtime nigpun?,0
"Also sir, i sent you an email about how to log into the usc payment portal. I.ll send you another message that should explain how things are back home. Have a great weekend.",0
Sorry dude. Dont know how i forgot. Even after Dan reminded me. Sorry. Hope you guys had fun.,0
I don't quite know what to do. I still can't get hold of anyone. I cud pick you up bout 7.30pm and we can see if they're in the pub?,0
Ok lor. Anyway i thk we cant get tickets now cos like quite late already. U wan 2 go look 4 ur frens a not? Darren is wif them now...,0
Wat r u doing now?,0
Buy one egg for me da..please:),0
Is there a reason we've not spoken this year? Anyways have a great week and all the best in your exam,0
Stop the story. I've told him i've returned it and he's saying i should not re order it.,0
No. I dont want to hear anything,0
"Waqt se pehle or naseeb se zyada kisi ko kuch nahi milta,Zindgi wo nahi he jo hum sochte hai Zindgi wo hai jo ham jeetey hai..........",0
I'm e person who's doing e sms survey...,0
Mm i had my food da from out,0
"4 tacos + 1 rajas burrito, right?",0
"House-Maid is the murderer, coz the man was murdered on  26th January.. ",0
Yes! How is a pretty lady like you single?,0
(That said can you text him one more time?),0
I know she called me,0
In sch but neva mind u eat 1st lor..,0
Jay says that you're a double-f*****,0
Ok i thk i got it. Then u wan me 2 come now or wat?,0
Oh... Lk tt den we take e one tt ends at cine lor... Dun wan yogasana oso can...,0
Whens your radio show?,0
"Jane babes not goin 2 wrk, feel ill after lst nite. Foned in already cover 4 me chuck.:-)",0
What * u wearing?,0
o turns out i had stereo love on mi phone under the unknown album.,0
"Ela kano.,il download, come wen ur free..",0
"Haha figures, well I found the piece and priscilla's bowl",0
Can you do online transaction?,0
Ü neva tell me how i noe... I'm not at home in da aft wat...,0
What you doing?how are you?,0
I didn't get the second half of that message,0
Can help u swoop by picking u up from wherever ur other birds r meeting if u want.,0
Ok lor whats up,0
Hello madam how are you ?,0
Was actually sleeping and still might when u call back. So a text is gr8. You rock sis. Will send u a text wen i wake.,0
Good. do you think you could send me some pix? I would love to see your top and bottom...,0
HEY MATE! HOWS U HONEY?DID U AVE GOOD HOLIDAY? GIMMI DE GOSS!x,0
"I don't have anybody's number, I still haven't thought up a tactful way to ask alex",0
"I'm taking derek &amp; taylor to walmart, if I'm not back by the time you're done just leave the mouse on my desk and I'll text you when priscilla's ready",0
Ok..let me knw,0
You are a very very very very bad girl. Or lady.,0
K then 2marrow are you coming to class.,0
Kallis wont bat in 2nd innings.,0
Meeting u is my work. . . Tel me when shall i do my work tomorrow.That is what matters,0
"Haha, my legs and neck are killing me and my amigos are hoping to end the night with a burn, think I could swing by in like an hour?",0
Every day i use to sleep after  &lt;#&gt;  so only.,0
"Sorry, have urgent work..",0
Good Morning plz call me sir..I have an urgent work..,0
Oh shut it. Omg yesterday I had a dream that I had 2 kids both boys. I was so pissed. Not only about the kids but them being boys. I even told mark in my dream that he was changing diapers cause I'm not getting owed in the face.,0
"Ahhhh...just woken up!had a bad dream about u tho,so i dont like u right now :) i didnt know anything about comedy night but i guess im up for it.",0
Its hard to believe things like this. All can say lie but think twice before saying anything to me.,0
Wow didn't think it was that common. I take it all back ur not a freak! Unless u chop it off:-),0
Yup he msg me: is tat yijue? Then i tot it's my group mate cos we meeting today mah... I'm askin if ü leaving earlier or wat mah cos mayb ü haf to walk v far...,0
You need to get up. Now.,0
Howz pain?hope u r fine..,0
Love it! The girls at the office may wonder why you are smiling but sore...,0
it's still not working. And this time i also tried adding zeros. That was the savings. The checking is  &lt;#&gt;,0
how's things? Just a quick question.,0
Die... I accidentally deleted e msg i suppose 2 put in e sim archive. Haiz... I so sad...,0
"no, i *didn't* mean to post it. I wrote it, and like so many other times i've ritten stuff to you, i let it sit there. it WAS what i was feeling at the time. I was angry. Before i left, i hit send, then stop. It wasn't there. I checked on my phone when i got to my car. It wasn't there. You said you didn't sleep, you were bored. So why wouldn't THAT be the time to clean, fold laundry, etc.? At least make the bed?",0
Sorry i missed your call. Can you please call back.,0
How are you. Its been ages. How's abj,0
As if i wasn't having enough trouble sleeping.,0
Hello. They are going to the village pub at 8 so either come here or there accordingly. Ok?,0
Thnx dude. u guys out 2nite?,0
So are you guys asking that i get that slippers again or its gone with last year,0
U guys never invite me anywhere :(,0
My computer just fried the only essential part we don't keep spares of because my idiot roommates looovvve leaving the thing running on full  &lt;#&gt; /7,0
"Hey sexy buns ! Have I told you ? I adore you, loverboy. I hope you remember to thank your sister in law for those meatballs *grins* ... i love you, babe",0
"Velly good, yes please!",0
"By march ending, i should be ready. But will call you for sure. The problem is that my capital never complete. How far with you. How's work and the ladies",0
Jokin only lar... :-) depends on which phone my father can get lor...,0
I thought slide is enough.,0
IM GONNAMISSU SO MUCH!!I WOULD SAY IL SEND U A POSTCARD BUTTHERES ABOUTAS MUCH CHANCE OF MEREMEMBERIN ASTHERE IS OFSI NOT BREAKIN HIS CONTRACT!! LUV Yaxx,0
Dude we should go sup again,0
Shopping lor. Them raining mah hard 2 leave orchard.,0
What's up my own oga. Left my phone at home and just saw ur messages. Hope you are good. Have a great weekend.,0
Need a coffee run tomo?Can't believe it's that time of week already,0
Oooh bed ridden ey? What are YOU thinking of?,0
Ok not a problem will get them a taxi. C ing  tomorrow and tuesday. On tuesday think we r all going to the cinema.,0
Ok... C ya...,0
Are you this much buzy.I dont think so,0
Please give it 2  or i will pick it up on Tuesday evening about 8 if that is ok.,0
I was up all night too worrying about this appt. It's a shame we missed a girls night out with quizzes popcorn and you doing my hair.,0
Ha ha ha good joke. Girls are situation seekers.,0
"Sir, i am waiting for your call.",0
Yay! You better not have told that to 5 other girls either.,0
But i'll b going 2 sch on mon. My sis need 2 take smth.,0
Yo theres no class tmrw right?,0
"My painful personal thought- ""I always try to keep everybody happy all the time. But nobody recognises me when i am alone""",0
Not sure I have the stomach for it ...,0
I'll let you know when it kicks in,0
"Yup, no need. I'll jus wait 4 e rain 2 stop.",0
Not planned yet :)going to join company on jan 5 only.don know what will happen after that.,0
"Arms fine, how's Cardiff and uni? ",0
I'm really sorry i won't b able 2 do this friday.hope u can find an alternative.hope yr term's going ok:-),0
Ok then i will come to ur home after half an hour,0
ITS A LAPTOP TAKE IT WITH YOU.,0
S.i think he is waste for rr..,0
Anyway seriously hit me up when you're back because otherwise I have to light up with armand and he always has shit and/or is vomiting,0
Dun need to use dial up juz open da browser n surf...,0
You call him and tell now infront of them. Call him now.,0
"New Theory: Argument wins d SITUATION, but loses the PERSON. So dont argue with ur friends just.. . . . kick them &amp; say, I'm always correct.!",0
"I noe la... U wana pei bf oso rite... K lor, other days den...",0
Hey you gave them your photo when you registered for driving ah? Tmr wanna meet at yck?,0
And by when you're done I mean now,0
I dont want to hear anything,0
Kind of. Took it to garage. Centre part of exhaust needs replacing. Part ordered n taking it to be fixed tomo morning.,0
"[…] anyway, many good evenings to u! s",0
EY! CALM DOWNON THEACUSATIONS.. ITXT U COS IWANA KNOW WOTU R DOIN AT THEW/END... HAVENTCN U IN AGES..RING ME IF UR UP4 NETHING SAT.LOVE J XXX.,0
Ü takin linear algebra today?,0
"Jan is fast approaching. So, Wish u a very Happy New Year Happy Sankranti Happy republic day Happy Valentines Day Happy Shivratri Happy Ugadi Happy Fools day Happy May Day Happy Independence Day, Happy Friendship,Mother,Father,Teachers,Childrens Day, &amp; HAPPY BIRTHDAY 4 U. Happy Ganesh festival Happy Dasara Happy Diwali Happy Christmas  &lt;#&gt;  Good Mornings Afternoons, Evenings Nights. RememberI AM the first to WISHING U ALL THESE...your's Raj",0
Really... I tot ur paper ended long ago... But wat u copied jus now got use? U happy lar... I still haf 2 study :-(,0
Jus finish bathing...,0
"I think your mentor is , but not 100 percent sure.",0
is your hamster dead? Hey so tmr i meet you at 1pm orchard mrt?,0
Ok set let u noe e details later...,0
Hope this text meets you smiling. If not then let this text give you a reason to smile. Have a beautiful day.,0
Ok..lets find out,0
You busy or can I come by at some point and figure out what we're doing tomorrow,0
Thats cool. I want to please you...,0
May i call You later Pls,0
Would anyone object to removing .so from this list? The .so TLD is basically dead and we've found that lots of bogus domains like lib*.so are being caught by this. Also sometimes you'll have spammers who are putting in gibberish or funny punctuation and you'll get sentences like 'blah blah.So this is'. It also occurs with a couple of other domains but .so is by far the worst. For more info on the .so domain you can read about it here: Michael,0
"Plelim, Just to remind you that if a certificate is needed in a hurry it can be expedited. This process is double the cost of a normal application. The normal cost for a Trial Certificate is LOA(m)x €5.45 Kind Regards Dorleta Rodriguez Racing Administrator",0
Greg Freemyer wrote: Not I. Looks like the -x flag on du is broken.,0
"Benji Weber wrote: Worst-case scenario is loss of personal data, and/or run-away process which consumes resources (memory or disk space if not constrained by ulimit or quota) until there's a system crash. What you WON'T have to do is reinstall the whole system. You see...the whole Unix security model PRESUMED that a user might (either unintentionally or intentionally) write and/or execute a run-away process which could be destructive. Write-permissions (or lack of them) prevent the process from doing damage to anything other than the user's own personal files.",0
"Good morning all, A customer is looking for a book that may have been written about the disappearance in June of 1972, of a young boy (Adrian McNaughton) in the Holmes' Lake area of Brougham Township in Renfrew County (Ottawa Valley area of Ontario). He was 6 years old at the time. She recalls having seen something about it in the past (other than printed news reports. Perhaps a bound official report? An article in a magazine?). Any information or leads (even a ""yes - there is"" or ""no - there isn't"") would be much appreciated. Kindest regards - John Lynch. Pilgrim Reader Books P. O. Box 212 1115-B Farmer Road Combermere, Ontario Canada K0J 1L0 1-877-585-5355 (toll free)",0
"Greg Freemyer wrote: Ah... the problem is the * You're going to have to explicitly list all of the directories that are on the root partition on the command line, WITHOUT listing any mountpoints (/home, /usr, whatever) By using *, you effectively said ""stay within ANY AND ALL of the filesystems containing these directories"", including any filesystem with a mountpoint in the / directory (i.e. /proc, /dev, /home, ... )",0
"Mike McMullin wrote: No. Just before my mobilization began in April 2006, I had purchased 10.0 in the store. Then in August 2006, after we finished our pre-deployment training, we had a 4-day pass to go home and visit for a bit before getting deployed... which is when I found 10.1 on the shelf (put together by some outfit like Walnut Creek or something). I installed 10.1 in tent in Kuwait (thank God we had electricity and air conditioning!)",0
"Sorry, I could not attach a 112k Mail, seems like it is too big to fit thru our 12MBit flat lines :-O Can someone give me a hint anyway? Kind regards, WiKl Von: Wilhelm Klenner Gesendet: Montag, 16. April 2007 21:00 An: Betreff: false positive Hello, i've been using spambayes for ages without any problems. Now I have a server running that delivers me voicemails and unanswered calls from my telephone system. Even afer marking ~ 20 of this mails as ham and doing some extra training on a folder containing only those messages, they keep on getting marked as possible spam. Can you please give me a hint what screw I have to turn to get all mails from this sender? I attached a sample of these mails. Thanks a lot, Wilhelm K.",0
"Hi, I have a data set collected from 10 measurements (response variables) on two groups (healthy and patient) of subjects performing 4 different tasks. In other words there are two fixed factors (group and task), and 10 response variables. I could analyze the data with aov() or lme() in package nlme for each response variable separately, but since most likely there are correlations among the 10 response variables, would it be more meaningful to run a MANOVA? However manova() in R seems not to allow an error term in the formula. What else can I try for this kind of multivariate mixed model? Also, if I want to find out which response variables (among the 10 measurements) are statistically significant in terms of acting as indicators for group difference, what kind of statistical analysis would help me sort them out? Thanks in advance, Gang",0
Ugh....Fixed with change #32010. Steve Peters,0
"Hi Just a reminder that these are due to be me today, for Robert's signature. They are due at the DRC on Monday. Many thanks Freda :-) Freda Mickisch Administrator Room IIMS 2.05 Institute of Information & Mathematical Sciences Te Kura Putaiao o Mohiohio me Pangarau Massey University (Albany) Private Bag 102904 North Shore Mail Centre Internal Mail Code AL220 Phone: 64 (9) 414 0800 extn 41062 Fax: 64 (9) 441 8136 (Internal 41058) Email: e.bsnrgtrf@massey.ac.nz",0
"I have not gotten any replies about this. No comments, suggestions for not skipping any missed threads, or corrections. Is everyone good with this or should I give it another day or two?",0
"Calvin Spealman wrote: Part of the issue, for me anyway, is that many of the really ""interesting"" conversations have moved to Python-3000 and Python-ideas. That being said: There are a few threads in the ""skipped"" section that I would have liked to understand better, without having to read through all those messages, such as the various ""decimal"" threads. Other than that, the summaries remain very valuable. Thank you :) -- Talin",0
Up to you. Usually if anyone is going to reply without prodding it happens within a 24 hours (if you send out the draft on the weekend I tended to wait until Monday evening). -Brett,0
"Yes, I plan to solve this by pulling them for summaries, as well. I'm not sure at the moment if its better to pull them into one summary or three. I would think one, with all the cross over that happens these days. Any opinions? -- Read my blog! I depend on your acceptance of my opinion! I am interesting!",0
This email contains HTML that cannot be displayed on your email client.,0
Dear colleague: This is a short note to let you know that the technical program for 3DPVT has now been finalized. You can access it at At the same site you can also register for the meeting. Looking forward to seeing you in Thessaloniki for an exciting technical and social program. Best regards yiannis aloimonos & gabriel taubin,0
"Actually the hash of the mbox *URI*, so it's ""mailto:""+email address (I got caught out by this last time). btw, the FOAF spec has a handy link to a list of sha1 generators: (Thanks Rob!) Cheers, Danny.",0
"Michael Parker wrote, On 8/2/08 4:31 PM: After reading the Wikipedia entries for the TLDs that they list as unused, I would be in favor of removing all of them bv gb pm sj so um yt If spammers can't use them as domains, then all including them could do would be to generate false positives. The three listed as ""phaseout"", su tp yu, on the other hand, I would keep, because it appears from the Wikipedia articles that they are in active use either during a transition period or because their phaseout is being resisted. If we can reach consensus on this, I'll make the changes to the code I committed. -- sidney",0
"Hi, I've been working on some changes that allow me to use tte.py on messages stored on my IMAP server. It seems to be working. Any interest? -- Dave Abrahams Boost Consulting Don't Miss BoostCon 2007! ==>",0
"Hi All Thanks to PhDs, Supervisors and of course Robert (Acting HoI and SV hat!) for making this process run easily. It was much appreciated. There will be a copy for you in your mailbox over the next couple of days. Freda :-) Freda Mickisch Administrator Room IIMS 2.05 Institute of Information & Mathematical Sciences Te Kura Putaiao o Mohiohio me Pangarau Massey University (Albany) Private Bag 102904 North Shore Mail Centre Internal Mail Code AL220 Phone: 64 (9) 414 0800 extn 41062 Fax: 64 (9) 441 8136 (Internal 41058) Email: e.bsnrgtrf@massey.ac.nz",0
"Having problems viewing this e-mail? Please click here. Feel free to share! Forward this e-mail to a friend. Valentine's Day Shipping DatesWith Standard Shipping: order non-monogrammed gifts by Feb 11; monogrammed gifts by Feb. 10.With Express Shipping: order non-monogrammed gifts by Feb 12; monogrammed gifts by Feb. 11. This is an e-mail advertisement from Lands' End, Inc., 1 Lands' End Lane, Dodgeville, WI 53595To subscribe, modify, or unsubscribe from the e-mail list, click here. You can also modify or cancel your subscription by calling 1-800-288-9091Are you receiving our free catalogs? Sign up to get your favorite Lands' End catalogs delivered to your mailbox! We have specialty catalogs for MEN, KIDS, HOME, WOMEN'S PLUS SIZE and more. Contact us at talkback@landsend.com to share your thoughts on our e-mail updates.",0
"Jim Cunning wrote: both of those will only give the block-counts for the contents of /, but not the directories within /.",0
ClamAV database updated (08 Feb 2008 07-58 +0000): daily.cvd Version: 5734 Submission-ID: 2352903,0
Tony Earnshaw: SAFETY: use 127.0.0.1:10026 Wietse,0
Hi All Sorry I've not got your copies of these to you yet. I'll follow this up tomorrow. Thank you Freda :-) Freda Mickisch Administrator Room IIMS 2.05 Institute of Information & Mathematical Sciences Te Kura Putaiao o Mohiohio me Pangarau Massey University (Albany) Private Bag 102904 North Shore Mail Centre Internal Mail Code AL220 Phone: 64 (9) 414 0800 extn 41062 Fax: 64 (9) 441 8136 (Internal 41058) Email: e.bsnrgtrf@massey.ac.nz,0
"The presentation schedule of WIRN04 - the Annual Italian Workshop of the Italian Society for Neural Networs (SIREN, - is now available at the WEB site We remark that this year WIRN04 will be in conjunction with the analogous conferences of the Italian Society for Artificial Intelligence (AIIA) and Italian Society for Pattern Recognition (GIRPR). The program of the overall event is available at the WEB site At the same sites it is possible to register for the meeting. Best regards Bruno Apolloni & Simone Bassis",0
"Kai Ponte wrote: And as I recall, the virus writer used it to patch the very same vulnerability which allowed it to work in the first place.",0
"Tero Pesonen wrote: Your parents are lucky. In Iraq, we had XP machines on a Department of Defence SECURE NETWORK which was completely cut off from the rest of the internet, and they STILL caught viruses. We need to break the back of the mandatory bundling of Windows. Personally, I think computers sold retail should be have line-item costs, with Windows as a separate cost from the hardware. It's just like payroll taxes deducted out of the paycheck -- what people don't have to explicitly fork over extra money for, they soon forget (if they were ever aware of it in the first place).",0
"Even though MSDN docs do not say it explicitly, I found some discussions claiming that MOVEFILE_REPLACE_EXISTING is atomic. However, after seeing your comment, I did a more thorough search and I too found some references claiming otherwise. As a last resort, I checked cygwin documentation which claims that it's rename() is POSIX.1 compliant. If I am not mistaken, POSIX.1 does require atomicity so I am curious how rename() is implemented there. I checked out the sources and I will try to find more about their implementation. I completely agree that without positive proof of atomicity, there is no point in making this code change. A simple test shows that it can indeed replace files that are open. Thanks, Raghu",0
Wolfgang Woehl wrote: Do you actually understand how silly you sound to anyone who actually understands the Unix and Linux security model.,0
"Wolfgang Woehl wrote: And that's going to happen by browsing a web page how, exactly? Not through a web browser, no.",0
"One day only! This Sunday, February 10th, is our FRIENDS & FAMILY EVENT. Enjoy an extra 20% off already-reduced sale and clearance items, plus save on regular prices, too! There are three ways to save: in stores, online or by catalog. Shop our Friends & Family Event now. Print coupon to use in stores. This email was sent to: tjm@cognosys.net. If you wish to unsubscribe from JCPenney email, or change your email profile, click below. (C) 2008 J.C. Penney Company, Inc. and/or JCP Media L.P., 6501 Legacy Drive, Plano, Texas, United States of America. All rights reserved. This is an advertisement from JCPenney.",0
"Raghuram Devarakonda wrote: The cygwin implementation of rename goes like this: 1) Try to use MoveFile 2) Try to use MoveFileEx(..., MOVEFILE_REPLACE_EXISTING) 3) Try to unlink destination, then try to use MoveFile And as you say, Cygwin claims it meets POSIX.1. And, POSIX.1 says, ""If newpath already exists it will be atomically replaced (subject to a few conditions; see ERRORS below), so that there is no point at which another process attempting to access newpath will find it missing."" Clearly, unliking and then calling MoveFile is not atomic. So, cygwin is not being honest here because in these less frequent cases, the rename will not be atomic. Also note, MVCRT only tries step 1 of cygwin's version. Which I believe also suggests that it's the only version that is atomic. -Scott -- Scott Dial",0
"Wietse Venema skrev, on 08-02-2008 14:48: Hmmm ... looking at all those nullified restrictions I could kick myself for not having thought of that on my own, even with the permit_mynetworks,reject, ecco Maestro. --Tonni -- -- Tony Earnshaw Email: tonni at hetnet dot nl",0
You are right. I just checked cygwin's rename() code and it is convincing enough for me to withdraw the patch. Thanks for all the comments. Raghu,0
"Rather than trying to guess what might be relevant, why not just post output of postconf -n as is described in the welcome message you got when signing up for this list? -- Best regards, Charles",0
"The Buildbot has detected a new failure of mleisi-suse10.2-x86. Full details are available at: Buildbot URL: Buildslave for this Build: mleisi-suse10.2-x86 Build Reason: Build Source Stamp: HEAD Blamelist: jm BUILD FAILED: failed test sincerely, -The Buildbot",0
"Hi! Im wondering what advice anyone has regarding this issue: When one of our users sends an email with a large amount of local users listed in the BCC that contains a sizable attachment, it can sometimes trigger a 'bcc storm'. We have a single F5 load balancer that various services flow through. A single email transaction can 'loop' through one piece of equipment multiple times. When one of these 'bcc storms' takes place, because of this 'looping', it can max out the interfaces to the F5. We've taken some measures to prevent this by reducing the number of different types of services that pass through our load balancer, and reverted to using RR DNS instead. But Im wondering what else can be done. Taking a look at the q-shape postfix readme, I see discussion regarding the 'default_destination_concurrency_limit' parameter which sounds promising, but it affects *all* destinations. It there any way to control concurrency limits on a per-host basis?",0
"Agreed. I rotate learning mailboxes to historical names monthly. In other words, everybody has SpamAssassin-SPAM and SpamAssassin-HAM mail folders that sa-learn processes nightly, then on the first of the month those get moved to somthing like SpamAssassin-x-YYYYMM. In addition, the script that launches sa-learn only tells it about learning folders that have been modified in the last three days. -- John Hardin KA7OHZ ewhxebq@impsec.org FALaholic #11174 pgpk -a ewhxebq@impsec.org key: 0xB8732E79 -- 2D8C 34F4 6411 F507 136C AF76 D822 E6E6 B873 2E79 ----------------------------------------------------------------------- Homeland Security: Specializing in Tactical Band-aids for Strategic Problems. -- Eric K. in Bruce Schneier's blog ----------------------------------------------------------------------- 4 days until Abraham Lincoln's and Charles Darwin's 199th Birthdays",0
"Thomas Ledbetter: Indirectly. Use a transport_maps entry to deliver mail through a non-default mail delivery transport in master.cf, then set a (transport name)_destination_concurrency_limit for that. Just clone the ""smtp ... smtp"" line and give it a different name in the first field, then ""postfix reload"". The current QSHAPE_README file has examples. Wietse",0
Under Vista win32traceutil does not work with normal user privileges. I have published a patch on Sourceforge which switches back to the Logfile mechanism from the binary release in such an environment. Marko,0
"Goutam Baul: . You hit the ""reject"" action because: - The SMTP client IP address 59.183.54.228 is not in mynetworks - AND wr.ceatfin.com is not in mydestination, virtual_alias_domains or virtual_maibox_domains. - AND the SMTP client is not SASL authenticated. You can simplify the above access rules as follows: smtpd_recipient_restrictions = permit_mynetworks, permit_sasl_authenticated, reject_unauth_destination, Wietse",0
I didn't even know windows had a backup system. I'll give it a try. Thanks!,0
"Did this user actually authenticate? All indications are that he or she did not. Just because the server allows authentication, does not mean that all users correctly configure their mail clients to use it. -- Viktor. Disclaimer: off-list followups get on-list replies or get ignored. Please do not ignore the ""Reply-To"" header. To unsubscribe from the postfix-users list, visit or click the link below: If my response solves your problem, the best way to thank me is to not send an ""it worked, thanks"" follow-up. If you must respond, please put ""It worked, thanks"" in the ""Subject"" so I can delete these quickly.",0
"We'll see with the smokes. Thanks, applied as 32012, amended as 32013.",0
"In this case it's a single directory yes, but i've generalized it to 'fix unsafe paths' on VMS. What would be the proper way to reconstruct the path after the '/' trick on VMS? -- Jos Boumans How do I prove I'm not crazy to people who are?",0
"Hi Everybody, my squirrelmail version is squirrelmail-1.4.13 i can't translate the INBOX.Sent, INBOX.Drafts and INBOX.Trash found the left frame of the main window. everything is translated except those words and they are not included in the squirrelmail.pot also. i have tried to include in my translation strings still the result is the same. please please help me. Thanks in advance, Helen",0
"Mr. Shawn H. Corey wrote: Yes you're right, it' works fine now. Thx for your help. rafailow. -- To unsubscribe, e-mail: beginners-unsubscribe@perl.org For additional commands, e-mail: beginners-help@perl.org",0
"To view this mail in a browser, copy into your browser.",0
"I would like to know what would be better that using aliases or .forward to forward all local mail. I want to simply forward all mail without having to intervene for new users or new services. Any suggestion? Thanks, RCR",0
"Security Note: Trade Me will never ask you for your password via email Hi Tony, You have not yet placed feedback on the auction for '4 FASHION BANDS *Pick Colour/Size *$49.90 FREE PST'. The seller was misterwhiskas (2157 ) Place Feedback Now Your feedback is important because it lets other traders assess the trustworthiness of the people you have traded with. Happy trading!The Trade Me Team www.trademe.co.nz To unsubscribe from feedback reminder emails, click hereAdvertisement",0
"Randy Ramsdell yazmış: I would use aliases. Regards,",0
"* Randy Ramsdell : aliases or virtual_alias_maps -- Ralf Hildebrandt (ecfa.ocnmogiylyn@charite.de) ulivs@charite.de Postfix - Einrichtung, Betrieb und Wartung Tel. +49 (0)30-450 570-155 Lesbian Nazi Hookers Abducted by UFOs and Forced Into Weight Loss Programs - -all next week on Town Talk.",0
Google Web Alert for: label unlabeled data Performing DBA Functions Under Oracle Label Security You can import unlabeled data into an existing table protected by an Oracle Label Security policy. Either the LABEL_DEFAULT option or a labeling function ... This once a day Google Alert is brought to you by Google. Remove this alert. Create another alert. Manage your alerts.,0
"UNIVERSITY COLLEGE LONDON Department of Computer Science Three Lecturer / Senior Lecturer Posts (UK Lecturer is roughly equivalent to US Assistant Professor) We are seeking talented researchers whose interests are aligned with our existing departmental strengths. One such focus is in the application and theory of Machine Learning and Artificial Intelligence. A candidate with these strengths will be expected to play a leading role in the research and teaching of ML/AI in the Department, and especially in the development of our MSc programme in Intelligent Systems (see A successful candidate will have the opportunity to interact with members of the Gatsby Unit at UCL (see and may possible hold an honorary appointment there. The strengths of the Gatsby Unit lie in Machine Learning and Theoretical Neuroscience. You can find out more about us at . Further details of the posts and the application procedure can be found at . The closing date for applications is Thursday, 30 September 2004.",0
"Dear Sirs, could you please answer the following question. Is there any software available implementing the Maximum Likelihood estimation of the parameters of Dirichlet distribution?",0
"Ralf Hildebrandt wrote: I know aliases works but what about but I would really like to forward all mail from all users and services, new and old, to automatically forward to a central e-mail server which will deliver the account mail to its local accounts. I am thinking procmail could be used. RCR",0
"Can you point me to a good regex tutorial? The one I have found has given me a lot of good starting stuff, but it doesn't mention the ?:, and I'd like to learn more. --Thanks. Matt Kettler wrote: -- Paul Douglas Franklin Computer Manager, Union Gospel Mission of Yakima, Washington Husband of Danette Father of Laurene, Miriam, Tycko, Timothy, Sarabeth, Marie, Dawnita, Anna Leah, Alexander, and Caleb",0
"$ perldoc perlre -- Randomly Selected Tagline: ""The Internet is like crack for smart people."" - Arsenio Hall",0
"On Fri, 2008-02-08 at 11:03 -0800, Paul Douglas Franklin of Yakima UGM wrote: Have you tried `perldoc perlretut` ? from perlretut... Non-capturing groupings We noted in Part 1 that groupings ""()"" had two distinct functions: 1) group regexp elements together as a single unit, and 2) extract, or capture, substrings that matched the regexp in the grouping. Non-capturing groupings, denoted by ""(?:regexp)"", allow the regexp to be treated as a single unit, but don't extract substrings or set matching variables $1, etc. Both capturing and non-capturing groupings are allowed to co-exist in the same regexp. Because there is no extraction, non-capturing groupings are faster than capturing groupings.... -- Daniel J McDonald, CCIE #2495, CISSP #78281, CNX Austin Energy",0
"Update of LC Science Tracer Bullet: Wind Power [ ] Wind power or wind energy is the process by which the wind is used to generate mechanical power or electricity and is one of the fastest-growing forms of electricity generation in the world. An update of TB 81-5, this guide is a review of the literature in the Library's collections on wind power with an emphasis on recent material.",0
"On some of my null client systems, I use these main.cf parameters to prevent delivery to any local mailbox: canonical_maps = hash:/etc/postfix/canonical forward_path = ${home}/.forward${recipient_delimiter}${extension}, ${home}/.forward, /etc/postfix/forward_all_local_mail The file /etc/postfix/forward_all_local_mail just contains the string ""root"". Human users have their preferred addresses listed in the canonical map. System users, and any human users whose canonical address I have forgotten to specify, have their mail forwarded to root, whose mail is forwarded off the box via alias or .forward. (I generally prefer this setup to the one from the STANDARD_CONFIGURATION_README as it avoids changing myorigin, so when root mail gets to me the header sender and recipient indicate the box it came from.) -- Ian Ward Comfort System Administrator, Student Computing, Stanford University",0
"Thanks, applied _to my svn repo_ :) I don't have blead commit bits, but I'll present a new tarball for testing once I've applied all your outstanding patches. Cheers, -- Jos Boumans How do I prove I'm not crazy to people who are?",0
"I haven't looked at this site myself, but some of you musicians migt be interested. Jerry Gordon, Troy, NY - Webmaster for ----- Forwarded Message",0
"John, Peter, Craig, et al, I did, but it was a long time ago. I'll be glad to have another look at it; I think that code needs more work before getting mainstream use. But, it is very important, and not overly difficult. IIRC, I broke the v0.01 interface, but I will be happy to discuss any of this, if anyone ever wants to use it. Carl Friedberg Comet & Company 165 William St 9 NY NY 10038 www.comets.com (212) 233-5470",0
ID: 624688 CREATE DATE: 02/08/08 12:57 LAST MODIFY USER: mrouse LAST MODIFIED DATE: 02/08/08 13:26 MIME TYPE: html,0
"Hi there porters, Perl 5.005 is a great version of Perl and still used by many people. There have been a few distribution updates and tool changes which mean that it no longer compiles cleanly everywhere, so I believe it's time for a second maintenance release of perl5.005, which will lead to perl5.005_05. Please compile and make test this snapshot on as many platforms as possible: This is a release candidate. I'm not interested in fixing warnings. I'm hosting it over at Google Code, but will push things back to Perforce when it is done: Changes from perl5.005_05-MAINT20070701:",0
"Thanks, applied -- Jos Boumans How do I prove I'm not crazy to people who are?",0
"At this point I got things whittled down to a ""core"" server by writing very little actual code, mostly just ripping the POP3 stuff out of the POP3 proxy. I need to do some rearranging then start figuring out what the protocol interface should look like, then write a protocol plugin for use by web apps (Roundup, Trac, MoinMoin, etc). Skip",0
Thanks Justin for fixing mkrules. Mark,0
"Call for Papers Special Track on Uncertain Reasoning The 18th International FLAIRS Conference FLAIRS-2005 In cooperation with The American Association for Artificial Intelligence Adam?s Mark Hotel Clearwater Beach, FL May 16-18, 2005",0
"I meant to say ""we should have the final guidelines by the end of May."" Mea culpa. Gordon V. Cormack wrote:",0
"Hallo, Paul, Du (paul) meintest am 08.02.08: Thank you - no more error. Viele Gruesse! Helmut",0
"Leon Brocard wrote: ""All tests successful."" on i686-linux, x86_64-linux 1 test failed on i386-freebsd: lib/ipc_sysv.......Undefined subroutine &main::diag called at lib/ipc_sysv.t line 159. # Looks like you planned 17 tests but ran 6. FAILED at test 7 -- Sébastien Aperghis-Tramoni Close the world, txEn eht nepO.",0
"NOW I get it, I thought that postfix was complaining because host lookup of the FQDN does not match the IP. But to be honest, it looks to me like someone has owned their server and having a bit of fun, because the server is literally announcing itself as ""Spam-Server"" in the HELO instead of the FQDN! $ telnet 64.22.240.195 25 Trying 64.22.240.195... Connected to 64.22.240.195. Escape character is '^]'. 220 Spam-Server Microsoft ESMTP MAIL Service, Version: 6.0.3790.1830 ready at Fri, 8 Feb 2008 16:55:39 -0800 Sandy Drobic wrote:",0
"Update of /cvsroot/spambayes/spambayes/spambayes In directory sc8-pr-cvs8.sourceforge.net:/tmp/cvs-serv10392/spambayes Added Files: Tag: CORESVR WebAppPlugin.py Log Message: now we can import a useless plugin --- NEW FILE: WebAppPlugin.py --- from CorePlugin import PlugIn, PlugInUI class WebAppUI(PlugInUI): pass def register(): return PlugIn(""WebApp"", WebAppUI())",0
"With Apologies for multiple copies CALL FOR PAPERS Track on Constraint Solving and Programming part of the 20th Annual ACM Symposium on Applied Computing Santa Fe, New Mexico March 13 -17, 2005",0
"Dear AAAI Members, Please note nomination and reference forms for the 2008 AAAI Fellows Program are due Friday, February 15. Each year, the Fellows program honors a small group of individuals who have made significant, sustained contributions to the field of artificial intelligence. Nominees for Fellow must be either life members of the Association or current members of AAAI with membership for the past three consecutive years. Usually, only members who have contributed to the field for a decade or more after receiving their Ph.D. (or are at an equivalent career stage) will be selected. The nominator or one of the people providing a reference must be a AAAI Fellow who is a current member. For more information, please see Thank you! Carol Hamilton Executive Director, AAAI -- To unsubscribe from: AAAI-Members, follow this link: Click this link, or copy and paste the address into your browser.",0
"The Buildbot has detected a new failure of mleisi-suse10.2-x86_64. Full details are available at: Buildbot URL: Buildslave for this Build: mleisi-suse10.2-x86_64 Build Reason: Build Source Stamp: HEAD Blamelist: jm BUILD FAILED: failed test test_3 sincerely, -The Buildbot",0
"In fact I do, but I have myself somewhat in a sandbox as all the mail handling stuff except kmail runs as an unprivileged user, and kmail pulls incoming from that mailbox in /var. I've been doing that for about 2-3 of years, started it back at FC2. And running as root since RH5.1. Yeah, I'm an un-repentant old fart. -- Cheers, Gene ""There are four boxes to be used in defense of liberty: soap, ballot, jury, and ammo. Please use in that order."" -Ed Howdershelt (Author) CPU needs recalibration",0
( ( adx/bin/adx_click.html?type=goto&page=www.nytimes.com/printer-friendly&pos=Position1&sn2=336c557e/4f3dd5d2&sn1=e0a6eda9/40ceca0d&ca mp=foxsearch2008_emailtools_810906d-nyt5&ad=biggie_88x31_8k.gif&goto= foxsearchlight.com/profile/WayneBarrow),0
"The Buildbot has detected a new failure of t-feisty-561. Full details are available at: Buildbot URL: Buildslave for this Build: t-feisty-561 Build Reason: Build Source Stamp: HEAD Blamelist: jm BUILD FAILED: failed test test_3 sincerely, -The Buildbot",0
"Basil Chupin wrote: My question was about Vista. My ThinkPad came with XP Home and I have both Admin and user accounts on it. User accounts in XP Home do not have admin rights. However, most people never get past that first account, which does have admin rights. -- Use OpenOffice.org",0
ClamAV database updated (09 Feb 2008 01-40 +0000): daily.cvd Version: 5749 Submission-ID: 2433600,0
".. The book and practice seems to be out of phase :-) It is simple to create new user(s). They are by default administrators (well, elevated rights), so that has to be fixed manually. -- Regards, Rajko. See",0
"Hi Tony, Thanks for trying Komodo IDE from ActiveState. Komodo IDE is available from your My Downloads page: To purchase Komodo IDE at any time during your trial, visit the ActiveState Store at: If you need assistance, contact us at:#ueyzuqos@ActiveState.com Enjoy! ActiveState ------------------------------------------- ActiveState Software Inc. Phone: +1.778.786.1103 #1700-409 Granville St.Vancouver, BC, Canada V6C 1T2",0
"Please, resist the urge to top post and including unnecessary full quotes. This also makes answering questions much easier...",0
"FWIW, I had an HP dv6000 with hardware problems, and when I made the support call I did tell them I was running linux though I resisted any suggestions to try Windows and forced them to diagnose it anyways. When I got my ticket to send it in for service, I pulled the drive altogether and placed a sticky on it saying ""HDD removed for corporate policy reasons"". They fixed my system and sent it back three days later. If you have a hardware problem, don't bother including the drive. They can troubleshoot it without it, and it keeps them from sending it back saying ""WON'T FIX"" because you have linux on it. Just my 2c... Cheers, KV",0
UUmmmmm.....OK. Structure looks good. Must be just dumb me. How do we go about adding them? Bob S,0
"* Dennis ""onestone"" Kasprzyk announced the release of Compiz 0.7 , lot of improvements including multi monitor support. Look out for the openSUSE packages on the Build Service X11:XGL repository. * Install compiz-kde4 package if you would like to use kde4-window-decorator * There is now 'compiz-decorator' shell script, that tries to guess the DE running and launch the decorator accordingly. * Tons of new plugins: magnify, shelf, showmouse, mousepoll, new fishes in the cube, 3D plugin now in -extras package. * Compiz packages are versioned 0.7 and fusion packages are 0.6.9_git080208 * This is a development release, it will be followed up by 0.8 stable release Checkout for other stuff.",0
"On Thu, May 17, 2007 at 02:19:36PM +0200, Stephane Bortzmeyer wrote a message of 472 lines which said: Could it be possible to add it on section ""Dead bookmark checkers""? It is maintained and time-tested.",0
"That sounds perfectly reasonable to me. Cheers, Mark",0
"Gene Heskett sez: There's no fool like an old fool. -- John Hardin KA7OHZ ewhxebq@impsec.org FALaholic #11174 pgpk -a ewhxebq@impsec.org key: 0xB8732E79 -- 2D8C 34F4 6411 F507 136C AF76 D822 E6E6 B873 2E79 ----------------------------------------------------------------------- USMC Rules of Gunfighting #20: The faster you finish the fight, the less shot you will get. ----------------------------------------------------------------------- 4 days until Abraham Lincoln's and Charles Darwin's 199th Birthdays",0
"Rajko M. wrote: Nowhere have I said anything about not being able to create new users. All the above quote is stating is, ""....bestows Administrative rights on *anyone* [my emphasis] who logs into the computer,...."". What you write is, of course, all very exciting - except that for the Joe-in-the-street who buys a copy of the Home edition (AND Professional, BTW) will not have a damn clue that you need to use the OS as a user with NO Administrator privileges. Which is why openSUSE was created. Ciao. -- Past experience, if not forgotten, is a guide for the future.",0
"And that's why they pay me the big bucks when something really goes aglay at the tv station even if I have been semi-retired since mid 2002. -- Cheers, Gene ""There are four boxes to be used in defense of liberty: soap, ballot, jury, and ammo. Please use in that order."" -Ed Howdershelt (Author) Lost: gray and white female cat. Answers to electric can opener.",0
"Chuck Stuettgen wrote: Ack, that is a good fix - except for the reboots; absolutely no need for any of that, just rmmod the ipw3945 and you're good to go. Joe",0
"Sent: Friday, 2008, February 08 21:03 I'm close enough to Gene's age and have known him long enough I get the right to rap his knuckles. Hm, in about a year that advances a step to rap his knuckles with an iron bar? {^_-}",0
"Folks, If I install openSUSE 11 alpha, will I get regular updates through YOU and will it eventually update itself to openSUSE 11 rc1, or would I still need to do a fresh install once rc1 is out? Vahe",0
"No, only releases get security updates. No, you will either need to do fresh install, or more likely upgrades. HTH. -- Joe Morris Registered Linux user 231871 running openSUSE 10.3 x86_64",0
"user spin wrote: There is a setting somewhere, I don't know where, but it is about 300 secs or 5 mins. of inactivity. If I'm going away for a moment or two, just start tailf /var/log/mail (if a mail server) or tailf /var/log/messages if you have some syslog activity and that will hold the connection until you get back; Another, ""more proper"" way to do it is to use ""screen"", the detach the session, leave it running, and then reattach when necessary. Note, this doesn't save a lot of keystrokes, but if you have a process on a remote system you need to leave running, either screen or backgrounding the process makes the most sense. See man screen (basically just type screen in any terminal, then ctrl-a h and choose detach or ctrl-a d. -- David C. Rankin, J.D., P.E. Rankin Law Firm, PLLC 510 Ochiltree Street Nacogdoches, Texas 75961 Telephone: (936) 715-9333 Facsimile: (936) 715-9339 www.rankinlawfirm.com",0
"Brad Bourn wrote: Good catch Brad. I'm still stuck in the 32bit world, so I didn't even consider the 64 bit part of the equation. -- David C. Rankin, J.D., P.E. Rankin Law Firm, PLLC 510 Ochiltree Street Nacogdoches, Texas 75961 Telephone: (936) 715-9333 Facsimile: (936) 715-9339 www.rankinlawfirm.com",0
"Patrick Shanahan wrote: Touche~ -- David C. Rankin, J.D., P.E. Rankin Law Firm, PLLC 510 Ochiltree Street Nacogdoches, Texas 75961 Telephone: (936) 715-9333 Facsimile: (936) 715-9339 www.rankinlawfirm.com",0
"The Buildbot has detected a new failure of t-solaris-10. Full details are available at: Buildbot URL: Buildslave for this Build: zone-sol10 Build Reason: Build Source Stamp: HEAD Blamelist: jm BUILD FAILED: failed test test_3 sincerely, -The Buildbot",0
"David C. Rankin wrote: [rest pruned] Many thanks, David, for the above. It has now given me the courage to try out installing and using this VirtualBox-thingie. Thanks. Ciao. -- Past experience, if not forgotten, is a guide for the future.",0
"New mathematics & Natural Computing Journal by world Scientific Publishing Co. A new journal to serve you! Paul - -- Professor Paul P.Wang Department of Electrical & Computer Engineering Pratt School of Engineering Duke University,Durham ,NC,27708 ,USA voice:919 660 5259 fax:919 660 5293 - ---------- Forwarded message",0
"Jos I. Boumans wrote: File::Spec->catdir will put the path back together. The '/' trick only works if the string is a directory name with UNIX style directory delimiters or no directory delimiters. It is to force vmsify to treat the input specification as UNIX. There is a VMS::Filespec::unixpath() to do the appending of the '/' to the specification, which will do a VMS::Filespec::vmsify() if needed. However it is not a good idea to call vmsify() on a pathname returned by unixify(), and it is not a good idea to call unixify() on a pathname returned by vmsify(). Because of the nature of the conversion, not all file specifications can make the round trip. I think that directory specifications can safely make the round trip, but not ones containing filenames. -John Personal Opinion Only",0
"news.admin.net-abuse.email Today's most active topics: * What happened at Verizon? - 10 new * newish pharma - 5 new * MEDIA: All hail Europe, the new ""king of spam"" - 4 new * How are messages that I didn't post being posted as if from me? - 3 new * �������������������������� - 2 new Active Topics ------------- 2008-02-08: US 38.0%, AS33314 (US) 7.0%, 204.13.64.0/21 (US:AS33314) 4.0% - 1 new --- It is another *presentation format* with added per country and ASN summaries of data published at [link] * ASN info: asn.routeviews.org [link] * Country info: zz.countries.nerd.dk [link] Top 200 targets of spamcop.net spam reports - Fri, Feb 8 2008 12:48 am 1 message, 1 author What happened at Verizon? - 10 new ---------------------------------- ...Point taken. I asked a question, and your answer is no. Fair enough. ..",0
"The Buildbot has detected a new failure of jm-feisty. Full details are available at: Buildbot URL: Buildslave for this Build: jm-feisty Build Reason: Build Source Stamp: HEAD Blamelist: jm BUILD FAILED: failed test test_3 sincerely, -The Buildbot",0
Here it is all files. I am using KDE desktop. Audrius,0
Fixed by s/diag/_diag/g in the offending test file. (want a patch ?:),0
"Hans Witvliet wrote: For lilo there is an option for loading modules from the boot prompt - I'm sure grub has something similar. /Per Jessen, Zürich",0
"Mr Michele Neylon Blacknight Solutions Hosting & Colocation, Brand Protection Intl. +353 (0) 59 9183072 Locall: 1850 929 929 Direct Dial: +353 (0)59 9183090 Fax. +353 (0) 1 4811 763 ------------------------------- Blacknight Internet Solutions Ltd, Unit 12A,Barrowside Business Park,Sleaty Road,Graiguecullen,Carlow,Ireland Company No.: 370845",0
"Hi all, I found the solution ;-) just comment out all onmouseover and onmouseout strings in the plugins/ image_buttons/functions.php file like this. /* ""border:1px;padding:1px;\\"" onmouseover=\\"""" . */ ""javascript:this.style.backgroundColor='$color[9]';"" . ""this.style.border='1px solid $color[8]';"" . /* ""this.style.padding='1px';\\"" onmouseout= \\""javascript:"" . */ Regards Richard",0
"Vahe Avedissian escribió: nope, you have to upgrade between different factory snapshots ( thing that may or may not work) using ""zypper dup"" (the equivalent to apt dist-upgrade) -- “There is always some madness in love. But there is also always some reason in madness.” - Friedrich Nietzsche Cristian Rodríguez R. Platform/OpenSUSE - Core Services SUSE LINUX Products GmbH Research & Development -- To unsubscribe, e-mail: assipqff+nmekprykass@opensuse.org For additional commands, e-mail: qybuovjs+kcmh@opensuse.org",0
"Hi Tony, Attached is the time sheet, we can bill the lecture and usual prep time (was it 1 + 4 hours) to cover all the work for this last lecture. We met Olivia yesterday with Samuel, at the indoor playground at the new Westfield. Lily was enjoying the slides while Lara was getting her eyes tested, seemed like Samuel was having fun too ! Cheers Chris",0
"Greets. I have a weird problem with 10.1 and using home,end,backspace,delete etc in console programs (vi for example). On bash prompt using home, end doesn't work (nothing happens, while it should move cursor to start or end of the line). Using vi home,end works, but when in insert mode, I can't use backspace (nothing happens), delete works as long as there are characters on the line, when there are no more characters available, it should delete the line and move to next but that doesn't happen. This doesn't seem to be a problem in 10.3 when I'm connected directly, but if I ssh from 10.1 to 10.3 server same thing happens. I'm guessing some terminal issue but I wasn't able to pinpoint it. -- Best regards, Nick Zeljkovic",0
Matt Kettler wrote: You emailed me in February of last year to update the rules in it there for you! :),0
"Carlos E. R. schreef: But wait, you're almost there! The only thing you need is a sed script to convert the utf-8 symbols to groff_char(7) gibberish, right? Something like utf2groff #!/bin/sed -f # # Convert utf 8 to groff_char(7) s/é/\\\\('e/g s/è/\\\\(`e/g",0
"or to say it another way...(at 80% efficiency) a 150 watt supply or a 500 watt supply should either one pull the same current from the mains, if they alternately supply the same 80 watt load (ie MB)...approximately 100 watts from the mains in each example. It would NOT be wasteful to the environment...(but maybe to your wallet). Tom in NM",0
"Tom Patton wrote: You're forgetting there may be some additional power consumed by the power supply itself. This might be a bit more for a larger supply. Even with no load, all power supplies draw some power. -- Use OpenOffice.org",0
"This seemed counterintuitive to me, so I decided to do a little looking around. According to the graph on page 14 of ""Power Supplies: A Hidden Opportunity for Energy Savings"" this is not the case. Switching power-supplies have an efficiency peak when producing about 50% of their maximum rated output. However the curve on the low side of the efficiency peak is much steeper than that on the high side. So my suspicion was mostly correct. A PSU that has more than twice the capacity that it will be called on to supply will waste significantly more power than one being used in the 50% to 100% range. Randall Schulz",0
"Have you tried turning it off and on again? D From: pq-mism@yahoogroups.com [mailto:pq-mism@yahoogroups.com] On Behalf Of Richard Fortune Sent: 03 October 2007 15:15 To: pq-mism@yahoogroups.com Subject: Re: [ie-rant] Re: hp pavilion issues The courts mandate that I cannot go within 100yards of any 13year old kids.....pesky laws.... On 10/3/07, Dermott Bolger < phwwxby.czrqex@gmail.com > wrote: Can you not find some 13yr old kid to do all this stuff for you? -- I'm on the rocky road, Heading down off the mountain slope, And as my steps echo (echo) louder than before",0
"Thanks Jan for all your god suggestions! While I did not have a live DVD of 10.3 on hand, I did have the regular install DVD. Since I had a ""spare"" partition on my harddisk, I just installed a new fresh 10.3 on that then mounted my original root partition and copied the kernel files there and update grub's menu.lst. The machine booted fine and I did a kernel update to the ""fixed"" kernel and things are back to normal again. One thing I have noticed, is any time I install a release of (open)SUSE alongside another one, so that I have multiple versions installed, grub is installed again and I have all these grubs pointing to other installations or other grubs on the various partitions. I can clean it all up after the installations so there is only one grub, but I was wondering if there was an easy way to have just one ""master"" grub updated no matter how many other verions one installed on their machine? Vahe",0
"AV wrote: Audrius, Also, you can ignore all of the following lines in Xorg.0.log: 12:28 Rankin-P35a~/tmp> grep -A 1 -B 1 AIGLX /var/log/Xorg.0.log (WW) AIGLX: 3D driver claims to not support visual 0x23 (WW) AIGLX: 3D driver claims to not support visual 0x24 (WW) AIGLX: 3D driver claims to not support visual 0x70 (WW) AIGLX: 3D driver claims to not support visual 0x71 (WW) AIGLX: 3D driver claims to not support visual 0x72 (II) AIGLX: Loaded and initialized /usr/lib/dri/fglrx_dri.so (II) GLX: Initialized DRI GL provider for screen 0 3D is working. The important part for compiz is: (II) AIGLX: Loaded and initialized /usr/lib/dri/fglrx_dri.so (II) GLX: Initialized DRI GL provider for screen 0 Your log file shows the same. -- David C. Rankin, J.D., P.E. Rankin Law Firm, PLLC 510 Ochiltree Street Nacogdoches, Texas 75961 Telephone: (936) 715-9333 Facsimile: (936) 715-9339 www.rankinlawfirm.com",0
